"中文船名","英文船名","船舶總噸","船長","吃水","預定靠泊船席","預定到港日期","預定到港時間","預定出港日期","預定出港時間","港口代理","備註"
"探索星號","STAR NAVIGATOR","75338.00","269.00","8.50","KELW003X  (西03)","2025/03/28","11:00:00","2025/03/28","21:00:00","新鋒船務代理有限公司",""
"地中海榮耀號","MSC BELLISSIMA","171598.00","316.00","8.50","KELW003X  (西03)","2025/03/29","07:00:00","2025/03/29","18:00:00","台正船務代理有限公司",""
"探索星號","STAR NAVIGATOR","75338.00","269.00","8.50","KELW003X  (西03)","2025/03/30","11:00:00","2025/03/30","17:00:00","新鋒船務代理有限公司",""
"歌詩達莎倫娜","COSTA SERENA","114261.00","289.59","8.30","KELE002X  (東02)","2025/03/31","08:00:00","2025/03/31","16:00:00","新鋒船務代理有限公司",""
"探索星號","STAR NAVIGATOR","75338.00","269.00","8.50","KELW003X  (西03)","2025/04/04","15:00:00","2025/04/04","21:00:00","新鋒船務代理有限公司",""
"歌詩達莎倫娜","COSTA SERENA","114261.00","289.59","8.30","KELE002X  (東02)","2025/04/05","08:00:00","2025/04/05","16:00:00","新鋒船務代理有限公司",""
"維京金星號","Viking Venus","47842.00","228.20","6.50","KELW003X  (西03)","2025/04/06","08:00:00","2025/04/06","16:00:00","台正船務代理有限公司",""
"探索星號","STAR NAVIGATOR","75338.00","269.00","8.50","KELE002X  (東02)","2025/04/06","11:00:00","2025/04/06","17:00:00","新鋒船務代理有限公司",""
"邁希夫6號","MEIN SCHIFF 6","98811.00","295.17","8.25","KELW003X  (西03)","2025/04/07","07:00:00","2025/04/07","20:00:00","台正船務代理有限公司",""
"歌詩達莎倫娜","COSTA SERENA","114261.00","289.59","8.30","KELE002X  (東02)","2025/04/08","08:00:00","2025/04/08","16:00:00","新鋒船務代理有限公司",""
"歌詩達莎倫娜","COSTA SERENA","114261.00","289.59","8.30","KELE002X  (東02)","2025/04/11","08:00:00","2025/04/11","16:00:00","新鋒船務代理有限公司",""
"探索星號","STAR NAVIGATOR","75338.00","269.00","8.50","KELW003X  (西03)","2025/04/11","15:00:00","2025/04/11","21:00:00","新鋒船務代理有限公司",""
"邁希夫6號","MEIN SCHIFF 6","98811.00","295.17","8.25","KELW003X  (西03)","2025/04/12","07:00:00","2025/04/12","20:00:00","台正船務代理有限公司",""
"探索星號","STAR NAVIGATOR","75338.00","269.00","8.50","KELW003X  (西03)","2025/04/13","11:00:00","2025/04/13","17:00:00","新鋒船務代理有限公司",""
"英希格","INSIGNIA","30277.00","180.50","6.00","KELE002X  (東02)","2025/04/14","06:00:00","2025/04/14","18:00:00","台正船務代理有限公司",""
"歌詩達莎倫娜","COSTA SERENA","114261.00","289.59","8.30","KELW003X  (西03)","2025/04/14","08:00:00","2025/04/14","16:00:00","新鋒船務代理有限公司",""
"銀葉號","SILVER WHISPER","28258.00","186.00","7.00","KELE002X  (東02)","2025/04/15","08:00:00","2025/04/15","18:00:00","台正船務代理有限公司",""
"探索星號","STAR NAVIGATOR","75338.00","269.00","8.50","KELW003X  (西03)","2025/04/16","11:00:00","2025/04/16","21:00:00","新鋒船務代理有限公司",""
"星凝天蝕2號","SCENIC ECLIPSE Ⅱ","17592.00","168.00","5.60","KELE002X  (東02)","2025/04/18","08:00:00","2025/04/18","18:00:00","太隆船務代理有限公司",""
"探索星號","STAR NAVIGATOR","75338.00","269.00","8.50","KELW003X  (西03)","2025/04/18","11:00:00","2025/04/18","21:00:00","新鋒船務代理有限公司",""
"歌詩達莎倫娜","COSTA SERENA","114261.00","289.59","8.30","KELW003X  (西03)","2025/04/19","08:00:00","2025/04/19","16:00:00","新鋒船務代理有限公司",""
"璽寶探險號","SEABOURN QUEST","32477.00","198.00","6.70","KELE002X  (東02)","2025/04/19","08:00:00","2025/04/20","18:00:00","太隆船務代理有限公司",""
"海洋聖歌號","ANTHEM OF THE SEAS","168666.00","348.00","8.80","KELW003X  (西03)","2025/04/20","08:00:00","2025/04/20","23:00:00","新鋒船務代理有限公司",""
"探索星號","STAR NAVIGATOR","75338.00","269.00","8.50","KELE002X  (東02)","2025/04/20","19:00:00","2025/04/20","23:59:00","新鋒船務代理有限公司",""
"歌詩達莎倫娜","COSTA SERENA","114261.00","289.59","8.30","KELE002X  (東02)","2025/04/22","08:00:00","2025/04/22","16:00:00","新鋒船務代理有限公司",""
"瑞佳塔","REGATTA","30277.00","180.50","6.00","KELE002X  (東02)","2025/04/23","07:00:00","2025/04/24","17:00:00","台正船務代理有限公司",""
"探索星號","STAR NAVIGATOR","75338.00","269.00","8.50","KELW003X  (西03)","2025/04/23","15:00:00","2025/04/23","21:00:00","新鋒船務代理有限公司",""
"海洋贊禮號","OVATION OF THE SEAS","168666.00","348.00","8.90","KELW003X  (西03)","2025/04/24","13:00:00","2025/04/24","23:00:00","新鋒船務代理有限公司",""
"探索星號","STAR NAVIGATOR","75338.00","269.00","8.50","KELW003X  (西03)","2025/04/25","11:00:00","2025/04/25","21:00:00","新鋒船務代理有限公司",""
"愛達史黛拉","AIDASTELLA","71304.00","253.26","7.40","KELW003X  (西03)","2025/04/26","08:00:00","2025/04/26","18:00:00","新鋒船務代理有限公司",""
"歌詩達莎倫娜","COSTA SERENA","114261.00","289.59","8.30","KELE002X  (東02)","2025/04/26","08:00:00","2025/04/26","13:00:00","新鋒船務代理有限公司",""
"探索星號","STAR NAVIGATOR","75338.00","269.00","8.50","KELW003X  (西03)","2025/04/27","11:00:00","2025/04/27","17:00:00","新鋒船務代理有限公司",""
"挪威奮進號","NORWEGIAN SPIRIT","75904.00","268.30","7.90","KELE002X  (東02)","2025/04/29","08:00:00","2025/04/29","18:00:00","台正船務代理有限公司",""
"鑽石公主","DIAMOND PRINCESS","115906.00","290.00","8.50","KELW003X  (西03)","2025/04/29","09:00:00","2025/04/29","19:00:00","太隆船務代理有限公司",""
"七海水手號","SEVEN SEAS MARINER","48075.00","217.00","7.00","KELE002X  (東02)","2025/04/30","08:00:00","2025/04/30","19:00:00","台正船務代理有限公司",""
"伊莉莎白女王號","QUEEN ELIZABETH","90901.00","294.00","8.00","KELW003X  (西03)","2025/04/30","08:00:00","2025/04/30","22:00:00","新鋒船務代理有限公司",""
"探索星號","STAR NAVIGATOR","75338.00","269.00","8.50","KELW003X  (西03)","2025/05/02","15:00:00","2025/05/02","21:00:00","新鋒船務代理有限公司",""
"東方維納斯","EASTERN VENUS","26594.00","183.40","6.50","KELE002X  (東02)","2025/05/03","07:00:00","2025/05/03","18:00:00","新鋒船務代理有限公司",""
"地中海榮耀號","MSC BELLISSIMA","171598.00","316.00","8.50","KELW003X  (西03)","2025/05/03","09:00:00","2025/05/03","20:00:00","台正船務代理有限公司",""
"探索星號","STAR NAVIGATOR","75338.00","269.00","8.50","KELW003X  (西03)","2025/05/04","11:00:00","2025/05/04","17:00:00","新鋒船務代理有限公司",""
"維京獵戶星","VIKING ORION","47861.00","228.00","6.50","KELE002X  (東02)","2025/05/05","08:00:00","2025/05/05","16:00:00","台正船務代理有限公司",""
"卡地亞","LE JACQUES CARTIER","9976.00","124.00","7.00","KELE002X  (東02)","2025/05/06","07:00:00","2025/05/06","18:00:00","太隆船務代理有限公司",""
"探索星號","STAR NAVIGATOR","75338.00","269.00","8.50","KELW003X  (西03)","2025/05/07","09:00:00","2025/05/07","15:00:00","新鋒船務代理有限公司",""
"探索星號","STAR NAVIGATOR","75338.00","269.00","8.50","KELW003X  (西03)","2025/05/09","15:00:00","2025/05/09","21:00:00","新鋒船務代理有限公司",""
"歌詩達莎倫娜","COSTA SERENA","114261.00","289.59","8.30","KELW003X  (西03)","2025/05/10","08:30:00","2025/05/10","16:00:00","新鋒船務代理有限公司",""
"探索星號","STAR NAVIGATOR","75338.00","269.00","8.50","KELW003X  (西03)","2025/05/11","11:00:00","2025/05/11","16:00:00","新鋒船務代理有限公司",""
"歌詩達莎倫娜","COSTA SERENA","114261.00","289.59","8.30","KELW003X  (西03)","2025/05/15","07:00:00","2025/05/15","18:00:00","新鋒船務代理有限公司",""
"探索星號","STAR NAVIGATOR","75338.00","269.00","8.50","KELW003X  (西03)","2025/05/16","16:00:00","2025/05/16","21:00:00","新鋒船務代理有限公司",""
"探索星號","STAR NAVIGATOR","75338.00","269.00","8.50","KELW003X  (西03)","2025/05/18","11:00:00","2025/05/18","17:00:00","新鋒船務代理有限公司",""
"鑽石公主","DIAMOND PRINCESS","115906.00","290.00","8.50","KELW003X  (西03)","2025/05/19","09:00:00","2025/05/20","19:00:00","太隆船務代理有限公司",""
"追尋號","AZAMARA PURSUIT","30277.00","181.00","6.00","KELE002X  (東02)","2025/05/21","08:00:00","2025/05/21","20:00:00","新鋒船務代理有限公司",""
"歌詩達莎倫娜","COSTA SERENA","114261.00","289.59","8.30","KELW003X  (西03)","2025/05/21","16:00:00","2025/05/22","16:00:00","新鋒船務代理有限公司",""
"漢莎激勵號","HANSEATIC INSPIRATION","15726.00","138.70","5.75","KELE002X  (東02)","2025/05/22","07:00:00","2025/05/23","00:00:00","台正船務代理有限公司",""
"地中海榮耀號","MSC BELLISSIMA","171598.00","316.00","8.50","KELW003X  (西03)","2025/05/23","07:00:00","2025/05/23","20:00:00","台正船務代理有限公司",""
"探索星號","STAR NAVIGATOR","75338.00","269.00","8.50","KELE002X  (東02)","2025/05/23","15:00:00","2025/05/23","21:00:00","新鋒船務代理有限公司",""
"探索星號","STAR NAVIGATOR","75338.00","269.00","8.50","KELW003X  (西03)","2025/05/25","11:00:00","2025/05/25","17:00:00","新鋒船務代理有限公司",""
"歌詩達莎倫娜","COSTA SERENA","114261.00","289.59","8.30","KELW003X  (西03)","2025/05/27","09:00:00","2025/05/27","18:00:00","新鋒船務代理有限公司",""
"探索星號","STAR NAVIGATOR","75338.00","269.00","8.50","KELW003X  (西03)","2025/05/28","11:00:00","2025/05/28","21:00:00","新鋒船務代理有限公司",""
"探索星號","STAR NAVIGATOR","75338.00","269.00","8.50","KELW003X  (西03)","2025/05/30","09:00:00","2025/05/30","15:00:00","新鋒船務代理有限公司",""
"探索星號","STAR NAVIGATOR","75338.00","269.00","8.50","KELW003X  (西03)","2025/06/01","11:00:00","2025/06/01","17:00:00","新鋒船務代理有限公司",""
"東方維納斯","EASTERN VENUS","26594.00","183.40","6.50","KELE002X  (東02)","2025/06/06","08:00:00","2025/06/06","18:00:00","新鋒船務代理有限公司",""
"探索星號","STAR NAVIGATOR","75338.00","269.00","8.50","KELW003X  (西03)","2025/06/06","15:00:00","2025/06/06","21:00:00","新鋒船務代理有限公司",""
"地中海榮耀號","MSC BELLISSIMA","171598.00","316.00","8.50","KELW003X  (西03)","2025/06/08","08:00:00","2025/06/08","17:00:00","台正船務代理有限公司",""
"探索星號","STAR NAVIGATOR","75338.00","269.00","8.50","KELE002X  (東02)","2025/06/08","11:00:00","2025/06/08","17:00:00","新鋒船務代理有限公司",""
"遺跡探險家","HERITAGE ADVENTURER","8378.00","124.00","4.97","KELE002X  (東02)","2025/06/10","09:00:00","2025/06/10","18:00:00","太隆船務代理有限公司",""
"地中海榮耀號","MSC BELLISSIMA","171598.00","316.00","8.50","KELW003X  (西03)","2025/06/11","08:00:00","2025/06/11","17:00:00","台正船務代理有限公司",""
"探索星號","STAR NAVIGATOR","75338.00","269.00","8.50","KELE002X  (東02)","2025/06/11","09:00:00","2025/06/11","15:00:00","新鋒船務代理有限公司",""
"探索星號","STAR NAVIGATOR","75338.00","269.00","8.50","KELW003X  (西03)","2025/06/13","12:00:00","2025/06/13","21:00:00","新鋒船務代理有限公司",""
"地中海榮耀號","MSC BELLISSIMA","171598.00","316.00","8.50","KELW003X  (西03)","2025/06/15","08:00:00","2025/06/15","17:00:00","台正船務代理有限公司",""
"探索星號","STAR NAVIGATOR","75338.00","269.00","8.50","KELE002X  (東02)","2025/06/15","11:00:00","2025/06/15","17:00:00","新鋒船務代理有限公司",""
"地中海榮耀號","MSC BELLISSIMA","171598.00","316.00","8.50","KELW003X  (西03)","2025/06/19","08:00:00","2025/06/19","17:00:00","台正船務代理有限公司",""
"星凝天蝕2號","SCENIC ECLIPSE Ⅱ","17592.00","168.00","5.60","KELE002X  (東02)","2025/06/20","08:00:00","2025/06/20","19:00:00","太隆船務代理有限公司",""
"探索星號","STAR NAVIGATOR","75338.00","269.00","8.50","KELW003X  (西03)","2025/06/20","15:00:00","2025/06/20","21:00:00","新鋒船務代理有限公司",""
"探索星號","STAR NAVIGATOR","75338.00","269.00","8.50","KELW003X  (西03)","2025/06/22","11:00:00","2025/06/22","16:00:00","新鋒船務代理有限公司",""
"地中海榮耀號","MSC BELLISSIMA","171598.00","316.00","8.50","KELW003X  (西03)","2025/06/24","08:00:00","2025/06/24","17:00:00","台正船務代理有限公司",""
"鑽石公主","DIAMOND PRINCESS","115906.00","290.00","8.50","KELW003X  (西03)","2025/06/25","09:00:00","2025/06/26","19:00:00","太隆船務代理有限公司",""
"歌詩達莎倫娜","COSTA SERENA","114261.00","289.59","8.30","KELE002X  (東02)","2025/06/25","13:00:00","2025/06/25","16:00:00","新鋒船務代理有限公司",""
"探索星號","STAR NAVIGATOR","75338.00","269.00","8.50","KELW003X  (西03)","2025/06/27","16:00:00","2025/06/27","21:00:00","新鋒船務代理有限公司",""
"地中海榮耀號","MSC BELLISSIMA","171598.00","316.00","8.50","KELW003X  (西03)","2025/06/28","08:00:00","2025/06/28","17:00:00","台正船務代理有限公司",""
"歌詩達莎倫娜","COSTA SERENA","114261.00","289.59","8.30","KELE002X  (東02)","2025/06/28","08:00:00","2025/06/28","16:00:00","新鋒船務代理有限公司",""
"探索星號","STAR NAVIGATOR","75338.00","269.00","8.50","KELW003X  (西03)","2025/06/29","11:00:00","2025/06/29","17:00:00","新鋒船務代理有限公司",""
"歌詩達莎倫娜","COSTA SERENA","114261.00","289.59","8.30","KELE002X  (東02)","2025/07/02","08:00:00","2025/07/02","16:00:00","新鋒船務代理有限公司",""
"地中海榮耀號","MSC BELLISSIMA","171598.00","316.00","8.50","KELW003X  (西03)","2025/07/03","08:00:00","2025/07/03","17:00:00","台正船務代理有限公司",""
"探索星號","STAR NAVIGATOR","75338.00","269.00","8.50","KELW003X  (西03)","2025/07/04","15:00:00","2025/07/04","21:00:00","新鋒船務代理有限公司",""
"地中海榮耀號","MSC BELLISSIMA","171598.00","316.00","8.50","KELW003X  (西03)","2025/07/06","08:00:00","2025/07/06","17:00:00","台正船務代理有限公司",""
"探索星號","STAR NAVIGATOR","75338.00","269.00","8.50","KELE002X  (東02)","2025/07/06","11:00:00","2025/07/06","17:00:00","新鋒船務代理有限公司",""
"歌詩達莎倫娜","COSTA SERENA","114261.00","289.59","8.30","KELE002X  (東02)","2025/07/07","08:00:00","2025/07/07","16:00:00","新鋒船務代理有限公司",""
"歌詩達莎倫娜","COSTA SERENA","114261.00","289.59","8.30","KELE002X  (東02)","2025/07/10","08:00:00","2025/07/10","16:00:00","新鋒船務代理有限公司",""
"地中海榮耀號","MSC BELLISSIMA","171598.00","316.00","8.50","KELW003X  (西03)","2025/07/11","08:00:00","2025/07/11","14:00:00","台正船務代理有限公司",""
"探索星號","STAR NAVIGATOR","75338.00","269.00","8.50","KELE002X  (東02)","2025/07/11","15:00:00","2025/07/11","21:00:00","新鋒船務代理有限公司",""
"海洋富士","MITSUI OCEAN FUJI","32477.00","198.20","7.00","KELE002X  (東02)","2025/07/12","09:00:00","2025/07/12","18:00:00","太隆船務代理有限公司","代理變更(大同改伍航)"
"歌詩達莎倫娜","COSTA SERENA","114261.00","289.59","8.30","KELE002X  (東02)","2025/07/13","08:00:00","2025/07/13","16:00:00","新鋒船務代理有限公司",""
"探索星號","STAR NAVIGATOR","75338.00","269.00","8.50","KELW003X  (西03)","2025/07/13","11:00:00","2025/07/13","17:00:00","新鋒船務代理有限公司",""
"歌詩達莎倫娜","COSTA SERENA","114261.00","289.59","8.30","KELE002X  (東02)","2025/07/16","08:00:00","2025/07/16","16:00:00","新鋒船務代理有限公司",""
"探索星號","STAR NAVIGATOR","75338.00","269.00","8.50","KELW003X  (西03)","2025/07/18","15:00:00","2025/07/18","21:00:00","新鋒船務代理有限公司",""
"歌詩達莎倫娜","COSTA SERENA","114261.00","289.59","8.30","KELE002X  (東02)","2025/07/20","08:00:00","2025/07/20","16:00:00","新鋒船務代理有限公司",""
"探索星號","STAR NAVIGATOR","75338.00","269.00","8.50","KELW003X  (西03)","2025/07/20","11:00:00","2025/07/20","16:00:00","新鋒船務代理有限公司",""
"歌詩達莎倫娜","COSTA SERENA","114261.00","289.59","8.30","KELE002X  (東02)","2025/07/23","08:00:00","2025/07/23","16:00:00","新鋒船務代理有限公司",""
"探索星號","STAR NAVIGATOR","75338.00","269.00","8.50","KELW003X  (西03)","2025/07/25","16:00:00","2025/07/25","21:00:00","新鋒船務代理有限公司",""
"歌詩達莎倫娜","COSTA SERENA","114261.00","289.59","8.30","KELE002X  (東02)","2025/07/27","08:00:00","2025/07/27","16:00:00","新鋒船務代理有限公司",""
"探索星號","STAR NAVIGATOR","75338.00","269.00","8.50","KELW003X  (西03)","2025/07/27","11:00:00","2025/07/27","17:00:00","新鋒船務代理有限公司",""
"歌詩達莎倫娜","COSTA SERENA","114261.00","289.59","8.30","KELE002X  (東02)","2025/08/01","08:00:00","2025/08/01","16:00:00","新鋒船務代理有限公司",""
"探索星號","STAR NAVIGATOR","75338.00","269.00","8.50","KELW003X  (西03)","2025/08/01","15:00:00","2025/08/01","21:00:00","新鋒船務代理有限公司",""
"探索星號","STAR NAVIGATOR","75338.00","269.00","8.50","KELW003X  (西03)","2025/08/03","11:00:00","2025/08/03","16:00:00","新鋒船務代理有限公司",""
"歌詩達莎倫娜","COSTA SERENA","114261.00","289.59","8.30","KELE002X  (東02)","2025/08/04","08:00:00","2025/08/04","16:00:00","新鋒船務代理有限公司",""
"歌詩達莎倫娜","COSTA SERENA","114261.00","289.59","8.30","KELE002X  (東02)","2025/08/07","08:00:00","2025/08/07","16:00:00","新鋒船務代理有限公司",""
"探索星號","STAR NAVIGATOR","75338.00","269.00","8.50","KELW003X  (西03)","2025/08/08","16:00:00","2025/08/08","21:00:00","新鋒船務代理有限公司",""
"歌詩達莎倫娜","COSTA SERENA","114261.00","289.59","8.30","KELE002X  (東02)","2025/08/10","08:00:00","2025/08/10","16:00:00","新鋒船務代理有限公司",""
"探索星號","STAR NAVIGATOR","75338.00","269.00","8.50","KELW003X  (西03)","2025/08/10","11:00:00","2025/08/10","17:00:00","新鋒船務代理有限公司",""
"歌詩達莎倫娜","COSTA SERENA","114261.00","289.59","8.30","KELE002X  (東02)","2025/08/14","08:00:00","2025/08/14","16:00:00","新鋒船務代理有限公司",""
"探索星號","STAR NAVIGATOR","75338.00","269.00","8.50","KELW003X  (西03)","2025/08/15","15:00:00","2025/08/15","21:00:00","新鋒船務代理有限公司",""
"探索星號","STAR NAVIGATOR","75338.00","269.00","8.50","KELW003X  (西03)","2025/08/17","11:00:00","2025/08/17","17:00:00","新鋒船務代理有限公司",""
"歌詩達莎倫娜","COSTA SERENA","114261.00","289.59","8.30","KELE002X  (東02)","2025/08/19","08:00:00","2025/08/19","16:00:00","新鋒船務代理有限公司",""
"探索星號","STAR NAVIGATOR","75338.00","269.00","8.50","KELW003X  (西03)","2025/08/22","15:00:00","2025/08/22","21:00:00","新鋒船務代理有限公司",""
"歌詩達莎倫娜","COSTA SERENA","114261.00","289.59","8.30","KELE002X  (東02)","2025/08/23","08:00:00","2025/08/23","16:00:00","新鋒船務代理有限公司",""
"探索星號","STAR NAVIGATOR","75338.00","269.00","8.50","KELW003X  (西03)","2025/08/24","11:00:00","2025/08/24","16:00:00","新鋒船務代理有限公司",""
"歌詩達莎倫娜","COSTA SERENA","114261.00","289.59","8.30","KELE002X  (東02)","2025/08/27","08:00:00","2025/08/27","16:00:00","新鋒船務代理有限公司",""
"探索星號","STAR NAVIGATOR","75338.00","269.00","8.50","KELW003X  (西03)","2025/08/29","16:00:00","2025/08/29","21:00:00","新鋒船務代理有限公司",""
"歌詩達莎倫娜","COSTA SERENA","114261.00","289.59","8.30","KELE002X  (東02)","2025/08/31","08:00:00","2025/08/31","16:00:00","新鋒船務代理有限公司",""
"探索星號","STAR NAVIGATOR","75338.00","269.00","8.50","KELW003X  (西03)","2025/08/31","11:00:00","2025/08/31","17:00:00","新鋒船務代理有限公司",""
"歌詩達莎倫娜","COSTA SERENA","114261.00","289.59","8.30","KELE002X  (東02)","2025/09/03","08:00:00","2025/09/03","15:00:00","新鋒船務代理有限公司",""
"探索星號","STAR NAVIGATOR","75338.00","269.00","8.50","KELW003X  (西03)","2025/09/05","15:00:00","2025/09/05","21:00:00","新鋒船務代理有限公司",""
"鑽石公主","DIAMOND PRINCESS","115906.00","290.00","8.50","KELW003X  (西03)","2025/09/07","09:00:00","2025/09/08","19:00:00","太隆船務代理有限公司",""
"探索星號","STAR NAVIGATOR","75338.00","269.00","8.50","KELE002X  (東02)","2025/09/07","11:00:00","2025/09/07","17:00:00","新鋒船務代理有限公司",""
"探索星號","STAR NAVIGATOR","75338.00","269.00","8.50","KELW003X  (西03)","2025/09/10","09:00:00","2025/09/10","15:00:00","新鋒船務代理有限公司",""
"探索星號","STAR NAVIGATOR","75338.00","269.00","8.50","KELW003X  (西03)","2025/09/12","15:00:00","2025/09/12","21:00:00","新鋒船務代理有限公司",""
"探索星號","STAR NAVIGATOR","75338.00","269.00","8.50","KELW003X  (西03)","2025/09/14","11:00:00","2025/09/14","16:00:00","新鋒船務代理有限公司",""
"歌詩達莎倫娜","COSTA SERENA","114261.00","289.59","8.30","KELE002X  (東02)","2025/09/14","14:00:00","2025/09/15","15:00:00","新鋒船務代理有限公司",""
"奧德賽","VILLA VIE ODYSSEY","24344.00","196.00","7.20","KELW003X  (西03)","2025/09/15","08:00:00","2025/09/18","19:00:00","新鋒船務代理有限公司",""
"探索星號","STAR NAVIGATOR","75338.00","269.00","8.50","KELW003X  (西03)","2025/09/19","16:00:00","2025/09/19","21:00:00","新鋒船務代理有限公司",""
"探索星號","STAR NAVIGATOR","75338.00","269.00","8.50","KELW003X  (西03)","2025/09/21","11:00:00","2025/09/21","17:00:00","新鋒船務代理有限公司",""
"海洋富士","MITSUI OCEAN FUJI","32477.00","198.20","7.00","KELE002X  (東02)","2025/09/23","07:00:00","2025/09/23","17:00:00","太隆船務代理有限公司",""
"探索星號","STAR NAVIGATOR","75338.00","269.00","8.50","KELW003X  (西03)","2025/09/24","09:00:00","2025/09/24","15:00:00","新鋒船務代理有限公司",""
"探索星號","STAR NAVIGATOR","75338.00","269.00","8.50","KELW003X  (西03)","2025/09/26","15:00:00","2025/09/26","21:00:00","新鋒船務代理有限公司",""
"探索星號","STAR NAVIGATOR","75338.00","269.00","8.50","KELW003X  (西03)","2025/09/28","11:00:00","2025/09/28","17:00:00","新鋒船務代理有限公司",""
"海洋富士","MITSUI OCEAN FUJI","32477.00","198.20","7.00","KELE002X  (東02)","2025/09/29","07:00:00","2025/09/29","17:00:00","太隆船務代理有限公司",""
"鑽石公主","DIAMOND PRINCESS","115906.00","290.00","8.50","KELE002X  (東02)","2025/10/02","09:00:00","2025/10/03","19:00:00","太隆船務代理有限公司",""
"探索星號","STAR NAVIGATOR","75338.00","269.00","8.50","KELW003X  (西03)","2025/10/03","15:00:00","2025/10/03","21:00:00","新鋒船務代理有限公司",""
"海洋富士","MITSUI OCEAN FUJI","32477.00","198.20","7.00","KELE002X  (東02)","2025/10/04","07:00:00","2025/10/04","17:00:00","太隆船務代理有限公司",""
"探索星號","STAR NAVIGATOR","75338.00","269.00","8.50","KELE002X  (東02)","2025/10/05","11:00:00","2025/10/05","16:00:00","新鋒船務代理有限公司",""
"探索星號","STAR NAVIGATOR","75338.00","269.00","8.50","KELW003X  (西03)","2025/10/10","16:00:00","2025/10/10","21:00:00","新鋒船務代理有限公司",""
"探索星號","STAR NAVIGATOR","75338.00","269.00","8.50","KELW003X  (西03)","2025/10/12","11:00:00","2025/10/12","17:00:00","新鋒船務代理有限公司",""
"海洋富士","MITSUI OCEAN FUJI","32477.00","198.20","7.00","KELE002X  (東02)","2025/10/14","07:00:00","2025/10/14","19:00:00","太隆船務代理有限公司",""
"維京金星號","Viking Venus","47842.00","228.20","6.50","KELE002X  (東02)","2025/10/15","06:00:00","2025/10/16","18:00:00","台正船務代理有限公司",""
"探索星號","STAR NAVIGATOR","75338.00","269.00","8.50","KELW003X  (西03)","2025/10/15","09:00:00","2025/10/15","15:00:00","新鋒船務代理有限公司",""
"探索星號","STAR NAVIGATOR","75338.00","269.00","8.50","KELW003X  (西03)","2025/10/17","15:00:00","2025/10/17","21:00:00","新鋒船務代理有限公司",""
"台成-待定","台成-TBA","47800.00","228.00","6.50","KELE002X  (東02)","2025/10/18","08:00:00","2025/10/18","17:00:00","台正船務代理有限公司",""
"銀月號","SILVER MOON","40844.00","212.80","6.70","KELW003X  (西03)","2025/10/19","08:00:00","2025/10/19","18:00:00","台正船務代理有限公司",""
"里維拉","RIVIERA","66172.00","239.30","7.60","KELE002X  (東02)","2025/10/19","09:30:00","2025/10/19","17:00:00","台正船務代理有限公司",""
"探索星號","STAR NAVIGATOR","75338.00","269.00","8.50","KELE002X  (東02)","2025/10/19","18:00:00","2025/10/19","23:00:00","新鋒船務代理有限公司",""
"尋夢公主","DISCOVERY PRINCESS","145000.00","330.00","8.50","KELW003X  (西03)","2025/10/20","08:00:00","2025/10/20","19:00:00","太隆船務代理有限公司",""
"探索星號","STAR NAVIGATOR","75338.00","269.00","8.50","KELW003X  (西03)","2025/10/24","15:00:00","2025/10/24","21:00:00","新鋒船務代理有限公司",""
"探索星號","STAR NAVIGATOR","75338.00","269.00","8.50","KELW003X  (西03)","2025/10/26","11:00:00","2025/10/26","17:00:00","新鋒船務代理有限公司",""
"海洋富士","MITSUI OCEAN FUJI","32477.00","198.20","7.00","KELE002X  (東02)","2025/10/29","07:00:00","2025/10/30","18:00:00","太隆船務代理有限公司",""
"探索星號","STAR NAVIGATOR","75338.00","269.00","8.50","KELW003X  (西03)","2025/10/31","15:00:00","2025/10/31","21:00:00","新鋒船務代理有限公司",""
"千禧輪","CELEBRITY MILLENNIUM","91011.00","294.00","8.00","KELW003X  (西03)","2025/11/02","08:00:00","2025/11/02","17:00:00","新鋒船務代理有限公司",""
"探索星號","STAR NAVIGATOR","75338.00","269.00","8.50","KELE002X  (東02)","2025/11/02","11:00:00","2025/11/02","17:00:00","新鋒船務代理有限公司",""
"探索星號","STAR NAVIGATOR","75338.00","269.00","8.50","KELW003X  (西03)","2025/11/07","15:00:00","2025/11/07","21:00:00","新鋒船務代理有限公司",""
"探索星號","STAR NAVIGATOR","75338.00","269.00","8.50","KELW003X  (西03)","2025/11/09","11:00:00","2025/11/09","17:00:00","新鋒船務代理有限公司",""
"探索星號","STAR NAVIGATOR","75338.00","269.00","8.50","KELW003X  (西03)","2025/11/12","11:00:00","2025/11/12","21:00:00","新鋒船務代理有限公司",""
"探索星號","STAR NAVIGATOR","75338.00","269.00","8.50","KELW003X  (西03)","2025/11/14","15:00:00","2025/11/14","21:00:00","新鋒船務代理有限公司",""
"挪威奮進號","NORWEGIAN SPIRIT","75904.00","268.30","7.90","KELE004X  (東04)","2025/11/16","07:00:00","2025/11/17","16:00:00","台正船務代理有限公司",""
"璽寶探險號","SEABOURN QUEST","32477.00","198.00","6.70","KELW003X  (西03)","2025/11/16","08:00:00","2025/11/17","18:00:00","太隆船務代理有限公司",""
"探索星號","STAR NAVIGATOR","75338.00","269.00","8.50","KELW003X  (西03)","2025/11/18","07:00:00","2025/11/18","19:00:00","新鋒船務代理有限公司",""
"地中海榮耀號","MSC BELLISSIMA","171598.00","316.00","8.50","KELW003X  (西03)","2025/11/21","07:00:00","2025/11/21","18:00:00","台正船務代理有限公司",""
"探索星號","STAR NAVIGATOR","75338.00","269.00","8.50","KELE002X  (東02)","2025/11/21","10:00:00","2025/11/21","22:00:00","新鋒船務代理有限公司",""
"歌詩達莎倫娜","COSTA SERENA","114261.00","289.59","8.30","KELW003X  (西03)","2025/11/23","08:00:00","2025/11/23","17:00:00","新鋒船務代理有限公司",""
"探索星號","STAR NAVIGATOR","75338.00","269.00","8.50","KELE002X  (東02)","2025/11/23","10:00:00","2025/11/23","22:00:00","新鋒船務代理有限公司",""
"探索星號","STAR NAVIGATOR","75338.00","269.00","8.50","KELE002X  (東02)","2025/11/25","07:00:00","2025/11/25","19:00:00","新鋒船務代理有限公司",""
"地中海榮耀號","MSC BELLISSIMA","171598.00","316.00","8.50","KELW003X  (西03)","2025/11/25","07:00:00","2025/11/25","18:00:00","台正船務代理有限公司",""
"日本丸","NIPPON MARU","22472.00","166.00","6.50","KELE002X  (東02)","2025/11/28","09:00:00","2025/11/28","17:00:00","大同通運股份有限公司",""
"探索星號","STAR NAVIGATOR","75338.00","269.00","8.50","KELW003X  (西03)","2025/11/28","10:00:00","2025/11/28","22:00:00","新鋒船務代理有限公司",""
"地中海榮耀號","MSC BELLISSIMA","171598.00","316.00","8.50","KELW003X  (西03)","2025/11/29","07:00:00","2025/11/29","18:00:00","台正船務代理有限公司",""
"鑽石公主","DIAMOND PRINCESS","115906.00","290.00","8.50","KELW003X  (西03)","2025/11/30","07:00:00","2025/11/30","18:00:00","太隆船務代理有限公司",""
"探索星號","STAR NAVIGATOR","75338.00","269.00","8.50","KELE002X  (東02)","2025/11/30","10:00:00","2025/11/30","22:00:00","新鋒船務代理有限公司",""
"日本丸","NIPPON MARU","22472.00","166.00","6.50","KELE002X  (東02)","2025/12/01","09:00:00","2025/12/01","17:00:00","大同通運股份有限公司",""
"探索星號","STAR NAVIGATOR","75338.00","269.00","8.50","KELW003X  (西03)","2025/12/02","07:00:00","2025/12/02","19:00:00","新鋒船務代理有限公司",""
"珊瑚地理學家","CORAL GEOGRAPHER","5602.00","93.40","4.40","KELE002X  (東02)","2025/12/02","07:00:00","2025/12/03","17:00:00","太隆船務代理有限公司",""
"地中海榮耀號","MSC BELLISSIMA","171598.00","316.00","8.50","KELW003X  (西03)","2025/12/03","07:00:00","2025/12/03","18:00:00","台正船務代理有限公司",""
"探索星號","STAR NAVIGATOR","75338.00","269.00","8.50","KELW003X  (西03)","2025/12/05","10:00:00","2025/12/05","22:00:00","新鋒船務代理有限公司",""
"挪威太陽","NORWEGIAN SUN","78309.00","258.60","8.00","KELE002X  (東02)","2025/12/06","06:00:00","2025/12/06","20:00:00","台正船務代理有限公司",""
"地中海榮耀號","MSC BELLISSIMA","171598.00","316.00","8.50","KELW003X  (西03)","2025/12/07","07:00:00","2025/12/07","18:00:00","台正船務代理有限公司",""
"探索星號","STAR NAVIGATOR","75338.00","269.00","8.50","KELE002X  (東02)","2025/12/07","10:00:00","2025/12/07","22:00:00","新鋒船務代理有限公司",""
"探索星號","STAR NAVIGATOR","75338.00","269.00","8.50","KELW003X  (西03)","2025/12/09","07:00:00","2025/12/09","19:00:00","新鋒船務代理有限公司",""
"地中海榮耀號","MSC BELLISSIMA","171598.00","316.00","8.50","KELW003X  (西03)","2025/12/11","07:00:00","2025/12/11","18:00:00","台正船務代理有限公司",""
"探索星號","STAR NAVIGATOR","75338.00","269.00","8.50","KELW003X  (西03)","2025/12/12","10:00:00","2025/12/12","22:00:00","新鋒船務代理有限公司",""
"探索星號","STAR NAVIGATOR","75338.00","269.00","8.50","KELW003X  (西03)","2025/12/14","10:00:00","2025/12/14","22:00:00","新鋒船務代理有限公司",""
"地中海榮耀號","MSC BELLISSIMA","171598.00","316.00","8.50","KELW003X  (西03)","2025/12/15","07:00:00","2025/12/15","18:00:00","台正船務代理有限公司",""
"探索星號","STAR NAVIGATOR","75338.00","269.00","8.50","KELW003X  (西03)","2025/12/16","07:00:00","2025/12/16","19:00:00","新鋒船務代理有限公司",""
"地中海榮耀號","MSC BELLISSIMA","171598.00","316.00","8.50","KELW003X  (西03)","2025/12/19","07:00:00","2025/12/19","18:00:00","台正船務代理有限公司",""
"探索星號","STAR NAVIGATOR","75338.00","269.00","8.50","KELE002X  (東02)","2025/12/19","10:00:00","2025/12/19","22:00:00","新鋒船務代理有限公司",""
"歌詩達莎倫娜","COSTA SERENA","114261.00","289.59","8.30","KELW003X  (西03)","2025/12/21","08:00:00","2025/12/21","17:00:00","新鋒船務代理有限公司",""
"探索星號","STAR NAVIGATOR","75338.00","269.00","8.50","KELE002X  (東02)","2025/12/21","10:00:00","2025/12/21","22:00:00","新鋒船務代理有限公司",""
"探索星號","STAR NAVIGATOR","75338.00","269.00","8.50","KELE002X  (東02)","2025/12/23","07:00:00","2025/12/23","19:00:00","新鋒船務代理有限公司",""
"地中海榮耀號","MSC BELLISSIMA","171598.00","316.00","8.50","KELW003X  (西03)","2025/12/23","07:00:00","2025/12/23","18:00:00","台正船務代理有限公司",""
"探索星號","STAR NAVIGATOR","75338.00","269.00","8.50","KELW003X  (西03)","2025/12/26","10:00:00","2025/12/26","22:00:00","新鋒船務代理有限公司",""
"地中海榮耀號","MSC BELLISSIMA","171598.00","316.00","8.50","KELW003X  (西03)","2025/12/27","07:00:00","2025/12/27","18:00:00","台正船務代理有限公司",""
"探索星號","STAR NAVIGATOR","75338.00","269.00","8.50","KELW003X  (西03)","2025/12/28","10:00:00","2025/12/28","22:00:00","新鋒船務代理有限公司",""
"飛鳥二號","ASUKA II","50142.00","241.00","8.00","KELE002X  (東02)","2025/12/29","00:00:00","2025/12/29","23:59:00","驥達物流有限公司",""
"探索星號","STAR NAVIGATOR","75338.00","269.00","8.50","KELW003X  (西03)","2025/12/30","07:00:00","2025/12/30","19:00:00","新鋒船務代理有限公司",""
"地中海榮耀號","MSC BELLISSIMA","171598.00","316.00","8.50","KELW003X  (西03)","2025/12/31","07:00:00","2025/12/31","18:00:00","台正船務代理有限公司",""
"日本丸","NIPPON MARU","22472.00","166.00","6.50","KELE002X  (東02)","2025/12/31","09:00:00","2026/01/01","18:00:00","大同通運股份有限公司",""
"探索星號","STAR NAVIGATOR","75338.00","269.00","8.50","KELW003X  (西03)","2026/01/02","10:00:00","2026/01/02","22:00:00","新鋒船務代理有限公司",""
"挪威太陽","NORWEGIAN SUN","78309.00","258.60","8.00","KELE002X  (東02)","2026/01/04","06:00:00","2026/01/04","20:00:00","台正船務代理有限公司",""
"探索星號","STAR NAVIGATOR","75338.00","269.00","8.50","KELW003X  (西03)","2026/01/04","10:00:00","2026/01/04","22:00:00","新鋒船務代理有限公司",""
"地中海榮耀號","MSC BELLISSIMA","171598.00","316.00","8.50","KELW003X  (西03)","2026/01/05","07:00:00","2026/01/05","18:00:00","台正船務代理有限公司",""
"探索星號","STAR NAVIGATOR","75338.00","269.00","8.50","KELW003X  (西03)","2026/01/06","07:00:00","2026/01/06","19:00:00","新鋒船務代理有限公司",""
"海洋光譜號","SPECTRUM OF THE SEAS","169379.00","348.00","8.80","KELW003X  (西03)","2026/01/07","13:00:00","2026/01/07","23:00:00","新鋒船務代理有限公司",""
"地中海榮耀號","MSC BELLISSIMA","171598.00","316.00","8.50","KELW003X  (西03)","2026/01/08","07:00:00","2026/01/09","18:00:00","台正船務代理有限公司",""
"地中海榮耀號","MSC BELLISSIMA","171598.00","316.00","8.50","KELW003X  (西03)","2026/01/09","07:00:00","2026/01/09","18:00:00","台正船務代理有限公司",""
"探索星號","STAR NAVIGATOR","75338.00","269.00","8.50","KELE002X  (東02)","2026/01/09","10:00:00","2026/01/09","22:00:00","新鋒船務代理有限公司",""
"海洋富士","MITSUI OCEAN FUJI","32477.00","198.20","7.00","KELE002X  (東02)","2026/01/10","17:00:00","2026/01/11","14:30:00","太隆船務代理有限公司",""
"探索星號","STAR NAVIGATOR","75338.00","269.00","8.50","KELW003X  (西03)","2026/01/11","10:00:00","2026/01/11","22:00:00","新鋒船務代理有限公司",""
"地中海榮耀號","MSC BELLISSIMA","171598.00","316.00","8.50","KELW003X  (西03)","2026/01/12","07:00:00","2026/01/13","18:00:00","台正船務代理有限公司",""
"地中海榮耀號","MSC BELLISSIMA","171598.00","316.00","8.50","KELW003X  (西03)","2026/01/13","07:00:00","2026/01/13","18:00:00","台正船務代理有限公司",""
"探索星號","STAR NAVIGATOR","75338.00","269.00","8.50","KELE002X  (東02)","2026/01/13","07:00:00","2026/01/13","19:00:00","新鋒船務代理有限公司",""
"海洋富士","MITSUI OCEAN FUJI","32477.00","198.20","7.00","KELE002X  (東02)","2026/01/14","08:00:00","2026/01/15","17:00:00","太隆船務代理有限公司",""
"地中海榮耀號","MSC BELLISSIMA","171598.00","316.00","8.50","KELW003X  (西03)","2026/01/16","07:00:00","2026/01/17","18:00:00","台正船務代理有限公司",""
"探索星號","STAR NAVIGATOR","75338.00","269.00","8.50","KELW003X  (西03)","2026/01/16","10:00:00","2026/01/16","22:00:00","新鋒船務代理有限公司",""
"璽寶安可號","SEABOURN ENCORE","41865.00","210.00","7.00","KELE002X  (東02)","2026/01/16","10:00:00","2026/01/16","19:00:00","太隆船務代理有限公司",""
"地中海榮耀號","MSC BELLISSIMA","171598.00","316.00","8.50","KELW003X  (西03)","2026/01/17","07:00:00","2026/01/17","18:00:00","台正船務代理有限公司",""
"歌詩達莎倫娜","COSTA SERENA","114261.00","289.59","8.30","KELW003X  (西03)","2026/01/18","08:00:00","2026/01/18","17:00:00","新鋒船務代理有限公司",""
"探索星號","STAR NAVIGATOR","75338.00","269.00","8.50","KELE002X  (東02)","2026/01/18","10:00:00","2026/01/18","22:00:00","新鋒船務代理有限公司",""
"飛鳥二號","ASUKA II","50142.00","241.00","8.00","KELE002X  (東02)","2026/01/19","14:00:00","2026/01/20","17:00:00","驥達物流有限公司",""
"探索星號","STAR NAVIGATOR","75338.00","269.00","8.50","KELW003X  (西03)","2026/01/20","07:00:00","2026/01/20","19:00:00","新鋒船務代理有限公司",""
"地中海榮耀號","MSC BELLISSIMA","171598.00","316.00","8.50","KELW003X  (西03)","2026/01/20","07:00:00","2026/01/21","18:00:00","台正船務代理有限公司",""
"地中海榮耀號","MSC BELLISSIMA","171598.00","316.00","8.50","KELW003X  (西03)","2026/01/21","07:00:00","2026/01/21","18:00:00","台正船務代理有限公司",""
"愛達女神","AIDADIVA","69203.00","252.00","7.30","KELW003X  (西03)","2026/01/23","07:00:00","2026/01/23","18:00:00","新鋒船務代理有限公司",""
"探索星號","STAR NAVIGATOR","75338.00","269.00","8.50","KELE002X  (東02)","2026/01/23","10:00:00","2026/01/23","22:00:00","新鋒船務代理有限公司",""
"探索星號","STAR NAVIGATOR","75338.00","269.00","8.50","KELW003X  (西03)","2026/01/25","10:00:00","2026/01/25","22:00:00","新鋒船務代理有限公司",""
"海洋富士","MITSUI OCEAN FUJI","32477.00","198.20","7.00","KELE002X  (東02)","2026/01/26","09:00:00","2026/01/26","17:00:00","太隆船務代理有限公司",""
"探索星號","STAR NAVIGATOR","75338.00","269.00","8.50","KELW003X  (西03)","2026/01/27","07:00:00","2026/01/27","19:00:00","新鋒船務代理有限公司",""
"探索星號","STAR NAVIGATOR","75338.00","269.00","8.50","KELW003X  (西03)","2026/01/30","10:00:00","2026/01/30","22:00:00","新鋒船務代理有限公司",""
"探索星號","STAR NAVIGATOR","75338.00","269.00","8.50","KELE002X  (東02)","2026/02/01","10:00:00","2026/02/01","22:00:00","新鋒船務代理有限公司",""
"探索星號","STAR NAVIGATOR","75338.00","269.00","8.50","KELW003X  (西03)","2026/02/03","07:00:00","2026/02/03","19:00:00","新鋒船務代理有限公司",""
"探索星號","STAR NAVIGATOR","75338.00","269.00","8.50","KELW003X  (西03)","2026/02/06","10:00:00","2026/02/06","22:00:00","新鋒船務代理有限公司",""
"探索星號","STAR NAVIGATOR","75338.00","269.00","8.50","KELW003X  (西03)","2026/02/08","10:00:00","2026/02/08","22:00:00","新鋒船務代理有限公司",""
"威士特丹","WESTERDAM","82862.00","285.00","7.10","KELE002X  (東02)","2026/02/09","08:00:00","2026/02/09","17:00:00","太隆船務代理有限公司",""
"探索星號","STAR NAVIGATOR","75338.00","269.00","8.50","KELW003X  (西03)","2026/02/10","10:00:00","2026/02/10","22:00:00","新鋒船務代理有限公司",""
"瑞佳塔","REGATTA","30277.00","180.50","6.00","KELW003X  (西03)","2026/02/12","07:00:00","2026/02/12","17:00:00","台正船務代理有限公司",""
"探索星號","STAR NAVIGATOR","75338.00","269.00","8.50","KELE002X  (東02)","2026/02/13","10:00:00","2026/02/13","22:00:00","新鋒船務代理有限公司",""
"探索星號","STAR NAVIGATOR","75338.00","269.00","8.50","KELE002X  (東02)","2026/02/15","10:00:00","2026/02/15","22:00:00","新鋒船務代理有限公司",""
"歌詩達盛饌號","COSTA DELIZIOSA","92720.00","294.00","7.60","KELW003X  (西03)","2026/02/15","10:00:00","2026/02/15","20:00:00","新鋒船務代理有限公司",""
"飛鳥二號","ASUKA II","50142.00","241.00","8.00","KELE002X  (東02)","2026/02/16","07:00:00","2026/02/16","17:00:00","驥達物流有限公司",""
"探索星號","STAR NAVIGATOR","75338.00","269.00","8.50","KELE002X  (東02)","2026/02/17","07:00:00","2026/02/17","19:00:00","新鋒船務代理有限公司",""
"鑽石公主","DIAMOND PRINCESS","115906.00","290.00","8.50","KELW003X  (西03)","2026/02/19","07:00:00","2026/02/19","18:00:00","太隆船務代理有限公司",""
"探索星號","STAR NAVIGATOR","75338.00","269.00","8.50","KELW003X  (西03)","2026/02/20","10:00:00","2026/02/20","22:00:00","新鋒船務代理有限公司",""
"探索星號","STAR NAVIGATOR","75338.00","269.00","8.50","KELW003X  (西03)","2026/02/22","10:00:00","2026/02/22","22:00:00","新鋒船務代理有限公司",""
"歌詩達莎倫娜","COSTA SERENA","114261.00","289.59","8.30","KELW003X  (西03)","2026/02/23","08:00:00","2026/02/23","17:00:00","新鋒船務代理有限公司",""
"探索星號","STAR NAVIGATOR","75338.00","269.00","8.50","KELW003X  (西03)","2026/02/24","07:00:00","2026/02/24","19:00:00","新鋒船務代理有限公司",""
"挪威太陽","NORWEGIAN SUN","78309.00","258.60","8.00","KELE002X  (東02)","2026/02/24","07:45:00","2026/02/24","20:45:00","台正船務代理有限公司",""
"探索星號","STAR NAVIGATOR","75338.00","269.00","8.50","KELW003X  (西03)","2026/02/27","10:00:00","2026/02/27","22:00:00","新鋒船務代理有限公司",""
"銀星號","SILVER NOVA","54700.00","244.20","6.60","KELE002X  (東02)","2026/02/28","08:00:00","2026/02/28","20:00:00","台正船務代理有限公司",""
"探索星號","STAR NAVIGATOR","75338.00","269.00","8.50","KELW003X  (西03)","2026/03/01","10:00:00","2026/03/01","22:00:00","新鋒船務代理有限公司",""
"七海探索者","SEVEN SEAS EXPLORER","55254.00","223.60","7.10","KELE002X  (東02)","2026/03/02","08:00:00","2026/03/02","19:00:00","台正船務代理有限公司",""
"探索星號","STAR NAVIGATOR","75338.00","269.00","8.50","KELW003X  (西03)","2026/03/03","07:00:00","2026/03/03","19:00:00","新鋒船務代理有限公司",""
"探索星號","STAR NAVIGATOR","75338.00","269.00","8.50","KELW003X  (西03)","2026/03/06","10:00:00","2026/03/06","22:00:00","新鋒船務代理有限公司",""
"地中海榮耀號","MSC BELLISSIMA","171598.00","316.00","8.50","KELW003X  (西03)","2026/03/08","07:00:00","2026/03/08","18:00:00","",""
"探索星號","STAR NAVIGATOR","75338.00","269.00","8.50","KELE002X  (東02)","2026/03/08","10:00:00","2026/03/08","22:00:00","新鋒船務代理有限公司",""
"追尋號","AZAMARA PURSUIT","30277.00","181.00","6.00","KELE002X  (東02)","2026/03/09","07:30:00","2026/03/09","17:00:00","新鋒船務代理有限公司",""
"威士特丹","WESTERDAM","82862.00","285.00","7.10","KELW003X  (西03)","2026/03/09","08:00:00","2026/03/09","17:00:00","太隆船務代理有限公司",""
"探索星號","STAR NAVIGATOR","75338.00","269.00","8.50","KELW003X  (西03)","2026/03/10","07:00:00","2026/03/10","19:00:00","新鋒船務代理有限公司",""
"千禧輪","CELEBRITY MILLENNIUM","91011.00","294.00","8.00","KELW003X  (西03)","2026/03/11","07:00:00","2026/03/11","17:00:00","新鋒船務代理有限公司",""
"瑞佳塔","REGATTA","30277.00","180.50","6.00","KELE002X  (東02)","2026/03/11","07:00:00","2026/03/11","17:00:00","台正船務代理有限公司",""
"璽寶安可號","SEABOURN ENCORE","41865.00","210.00","7.00","KELE004X  (東04)","2026/03/11","08:00:00","2026/03/11","18:00:00","太隆船務代理有限公司",""
"地中海榮耀號","MSC BELLISSIMA","171598.00","316.00","8.50","KELW003X  (西03)","2026/03/13","07:00:00","2026/03/13","18:00:00","",""
"探索星號","STAR NAVIGATOR","75338.00","269.00","8.50","KELE002X  (東02)","2026/03/13","10:00:00","2026/03/13","22:00:00","新鋒船務代理有限公司",""
"探索星號","STAR NAVIGATOR","75338.00","269.00","8.50","KELW003X  (西03)","2026/03/15","10:00:00","2026/03/15","22:00:00","新鋒船務代理有限公司",""
"探索星號","STAR NAVIGATOR","75338.00","269.00","8.50","KELW003X  (西03)","2026/03/17","07:00:00","2026/03/17","19:00:00","新鋒船務代理有限公司",""
"地中海榮耀號","MSC BELLISSIMA","171598.00","316.00","8.50","KELW003X  (西03)","2026/03/18","07:00:00","2026/03/18","18:00:00","",""
"地中海華麗號","MSC MAGNIFICA","95128.00","293.80","7.90","KELE002X  (東02)","2026/03/18","09:00:00","2026/03/18","18:00:00","",""
"水晶合韻號","CRYSTAL SYMPHONY","51044.00","238.00","9.10","KELE002X  (東02)","2026/03/19","09:00:00","2026/03/19","20:00:00","新鋒船務代理有限公司",""
"探索星號","STAR NAVIGATOR","75338.00","269.00","8.50","KELW003X  (西03)","2026/03/20","10:00:00","2026/03/20","22:00:00","新鋒船務代理有限公司",""
"邁希夫6號","MEIN SCHIFF 6","98811.00","295.17","8.25","KELW003X  (西03)","2026/03/21","07:00:00","2026/03/21","20:00:00","台正船務代理有限公司",""
"阿曼達","AMADEA","29008.00","192.00","7.10","KELE002X  (東02)","2026/03/22","08:00:00","2026/03/23","18:00:00","新鋒船務代理有限公司",""
"探索星號","STAR NAVIGATOR","75338.00","269.00","8.50","KELW003X  (西03)","2026/03/22","10:00:00","2026/03/22","22:00:00","新鋒船務代理有限公司",""
"地中海榮耀號","MSC BELLISSIMA","171598.00","316.00","8.50","KELW003X  (西03)","2026/03/23","07:00:00","2026/03/23","18:00:00","",""
"探索星號","STAR NAVIGATOR","75338.00","269.00","8.50","KELE002X  (東02)","2026/03/24","07:00:00","2026/03/24","19:00:00","新鋒船務代理有限公司",""
"千禧輪","CELEBRITY MILLENNIUM","91011.00","294.00","8.00","KELW003X  (西03)","2026/03/24","08:00:00","2026/03/24","17:00:00","新鋒船務代理有限公司",""
"太平世界","PACIFIC WORLD","77441.00","261.30","8.00","KELE002X  (東02)","2026/03/27","06:00:00","2026/03/27","19:00:00","台正船務代理有限公司",""
"探索星號","STAR NAVIGATOR","75338.00","269.00","8.50","KELW003X  (西03)","2026/03/27","10:00:00","2026/03/27","22:00:00","新鋒船務代理有限公司",""
"地中海榮耀號","MSC BELLISSIMA","171598.00","316.00","8.50","KELW003X  (西03)","2026/03/28","07:00:00","2026/03/28","18:00:00","台正船務代理有限公司",""
"歌詩達莎倫娜","COSTA SERENA","114261.00","289.59","8.30","KELE002X  (東02)","2026/03/28","11:00:00","2026/03/28","16:00:00","新鋒船務代理有限公司",""
"探索星號","STAR NAVIGATOR","75338.00","269.00","8.50","KELW003X  (西03)","2026/03/29","10:00:00","2026/03/29","22:00:00","新鋒船務代理有限公司",""
"探索星號","STAR NAVIGATOR","75338.00","269.00","8.50","KELW003X  (西03)","2026/03/31","07:00:00","2026/03/31","19:00:00","新鋒船務代理有限公司",""
"飛鳥二號","ASUKA II","50142.00","241.00","8.00","KELW003X  (西03)","2026/04/01","07:00:00","2026/04/01","17:00:00","驥達物流有限公司",""
"歌詩達莎倫娜","COSTA SERENA","114261.00","289.59","8.30","KELE002X  (東02)","2026/04/01","08:00:00","2026/04/01","16:00:00","新鋒船務代理有限公司",""
"探索星號","STAR NAVIGATOR","75338.00","269.00","8.50","KELW003X  (西03)","2026/04/03","10:00:00","2026/04/03","22:00:00","新鋒船務代理有限公司",""
"邁希夫6號","MEIN SCHIFF 6","98811.00","295.17","8.25","KELW003X  (西03)","2026/04/04","07:00:00","2026/04/04","20:00:00","台正船務代理有限公司",""
"探索星號","STAR NAVIGATOR","75338.00","269.00","8.50","KELW003X  (西03)","2026/04/05","10:00:00","2026/04/05","22:00:00","新鋒船務代理有限公司",""
"華倫丹","VOLENDAM","60906.00","237.00","8.10","KELE002X  (東02)","2026/04/05","10:00:00","2026/04/06","00:00:00","太隆船務代理有限公司",""
"歌詩達莎倫娜","COSTA SERENA","114261.00","289.59","8.30","KELE002X  (東02)","2026/04/06","08:00:00","2026/04/06","16:00:00","新鋒船務代理有限公司",""
"探索星號","STAR NAVIGATOR","75338.00","269.00","8.50","KELE002X  (東02)","2026/04/07","07:00:00","2026/04/07","19:00:00","新鋒船務代理有限公司",""
"珊瑚公主","CORAL PRINCESS","91627.00","294.00","8.30","KELW003X  (西03)","2026/04/07","07:00:00","2026/04/07","19:00:00","香港商伍航亞洲有限公司台灣分公司",""
"島嶼天空","ISLAND SKY","4200.00","90.60","4.20","KELE002X  (東02)","2026/04/08","07:30:00","2026/04/08","18:00:00","台正船務代理有限公司",""
"歌詩達莎倫娜","COSTA SERENA","114261.00","289.59","8.30","KELE002X  (東02)","2026/04/10","08:00:00","2026/04/10","16:00:00","新鋒船務代理有限公司",""
"探索星號","STAR NAVIGATOR","75338.00","269.00","8.50","KELW003X  (西03)","2026/04/10","10:00:00","2026/04/10","22:00:00","新鋒船務代理有限公司",""
"水晶合韻號","CRYSTAL SYMPHONY","51044.00","238.00","9.10","KELE002X  (東02)","2026/04/12","08:00:00","2026/04/12","18:00:00","新鋒船務代理有限公司",""
"探索星號","STAR NAVIGATOR","75338.00","269.00","8.50","KELW003X  (西03)","2026/04/12","10:00:00","2026/04/12","22:00:00","新鋒船務代理有限公司",""
"歌詩達莎倫娜","COSTA SERENA","114261.00","289.59","8.30","KELE002X  (東02)","2026/04/13","08:00:00","2026/04/13","16:00:00","新鋒船務代理有限公司",""
"探索星號","STAR NAVIGATOR","75338.00","269.00","8.50","KELW003X  (西03)","2026/04/14","07:00:00","2026/04/14","19:00:00","新鋒船務代理有限公司",""
"歌詩達莎倫娜","COSTA SERENA","114261.00","289.59","8.30","KELE002X  (東02)","2026/04/16","08:00:00","2026/04/16","16:00:00","新鋒船務代理有限公司",""
"地中海榮耀號","MSC BELLISSIMA","171598.00","316.00","8.50","KELW003X  (西03)","2026/04/16","12:00:00","2026/04/16","19:00:00","",""
"探索星號","STAR NAVIGATOR","75338.00","269.00","8.50","KELW003X  (西03)","2026/04/17","10:00:00","2026/04/17","22:00:00","新鋒船務代理有限公司",""
"瑞佳塔","REGATTA","30277.00","180.50","6.00","KELE002X  (東02)","2026/04/19","09:00:00","2026/04/19","19:00:00","台正船務代理有限公司",""
"卡地亞","LE JACQUES CARTIER","9976.00","124.00","7.00","KELE002X  (東02)","2026/04/20","07:00:00","2026/04/20","18:00:00","太隆船務代理有限公司",""
"歌詩達莎倫娜","COSTA SERENA","114261.00","289.59","8.30","KELW003X  (西03)","2026/04/20","08:00:00","2026/04/20","16:00:00","新鋒船務代理有限公司",""
"探索星號","STAR NAVIGATOR","75338.00","269.00","8.50","KELW003X  (西03)","2026/04/21","07:00:00","2026/04/21","19:00:00","新鋒船務代理有限公司",""
"歌詩達莎倫娜","COSTA SERENA","114261.00","289.59","8.30","KELE002X  (東02)","2026/04/23","08:00:00","2026/04/23","16:00:00","新鋒船務代理有限公司",""
"探索星號","STAR NAVIGATOR","75338.00","269.00","8.50","KELW003X  (西03)","2026/04/24","10:00:00","2026/04/24","22:00:00","新鋒船務代理有限公司",""
"維京金星號","Viking Venus","47842.00","228.20","6.50","KELE002X  (東02)","2026/04/25","08:00:00","2026/04/25","16:00:00","台正船務代理有限公司",""
"探索星號","STAR NAVIGATOR","75338.00","269.00","8.50","KELW003X  (西03)","2026/04/26","10:00:00","2026/04/26","22:00:00","新鋒船務代理有限公司",""
"探索星號","STAR NAVIGATOR","75338.00","269.00","8.50","KELW003X  (西03)","2026/04/28","07:00:00","2026/04/28","19:00:00","新鋒船務代理有限公司",""
"里維拉","RIVIERA","66172.00","239.30","7.60","KELE002X  (東02)","2026/04/29","07:00:00","2026/04/29","15:00:00","台正船務代理有限公司",""
"鑽石公主","DIAMOND PRINCESS","115906.00","290.00","8.50","KELW003X  (西03)","2026/05/01","07:00:00","2026/05/02","19:00:00","太隆船務代理有限公司",""
"鑽石公主","DIAMOND PRINCESS","115906.00","290.00","8.50","KELW003X  (西03)","2026/05/02","07:00:00","2026/05/02","19:00:00","太隆船務代理有限公司",""
"台成-待定","台成-TBA","47800.00","228.00","6.50","KELE002X  (東02)","2026/05/14","08:00:00","2026/05/14","16:00:00","台正船務代理有限公司",""
"漢莎激勵號","HANSEATIC INSPIRATION","15726.00","138.70","5.75","KELE002X  (東02)","2026/05/17","08:00:00","2026/05/17","22:00:00","台正船務代理有限公司",""
"日麗號","LE SOLEAL","10992.00","142.00","5.00","KELE002X  (東02)","2026/06/09","06:00:00","2026/06/09","14:00:00","太隆船務代理有限公司",""
"地中海榮耀號","MSC BELLISSIMA","171598.00","316.00","8.50","KELW003X  (西03)","2026/06/13","06:00:00","2026/06/13","18:00:00","",""
"地中海榮耀號","MSC BELLISSIMA","171598.00","316.00","8.50","KELW003X  (西03)","2026/06/18","07:00:00","2026/06/18","18:00:00","",""
"島嶼天空","ISLAND SKY","4200.00","90.60","4.20","KELE002X  (東02)","2026/06/20","07:30:00","2026/06/20","18:00:00","",""
"地中海榮耀號","MSC BELLISSIMA","171598.00","316.00","8.50","KELW003X  (西03)","2026/06/21","07:00:00","2026/06/21","17:00:00","",""
"地中海榮耀號","MSC BELLISSIMA","171598.00","316.00","8.50","KELW003X  (西03)","2026/06/25","06:00:00","2026/06/25","17:00:00","",""
"鑽石公主","DIAMOND PRINCESS","115906.00","290.00","8.50","KELW003X  (西03)","2026/06/26","07:00:00","2026/06/26","19:00:00","太隆船務代理有限公司",""
"歌詩達莎倫娜","COSTA SERENA","114261.00","289.59","8.30","KELE002X  (東02)","2026/06/27","08:00:00","2026/06/27","16:00:00","新鋒船務代理有限公司",""
"地中海榮耀號","MSC BELLISSIMA","171598.00","316.00","8.50","KELW003X  (西03)","2026/06/30","06:00:00","2026/06/30","17:00:00","",""
"歌詩達莎倫娜","COSTA SERENA","114261.00","289.59","8.30","KELE002X  (東02)","2026/06/30","08:00:00","2026/06/30","16:00:00","新鋒船務代理有限公司",""
"地中海榮耀號","MSC BELLISSIMA","171598.00","316.00","8.50","KELW003X  (西03)","2026/07/04","06:00:00","2026/07/04","18:00:00","台正船務代理有限公司",""
"歌詩達莎倫娜","COSTA SERENA","114261.00","289.59","8.30","KELE002X  (東02)","2026/07/05","08:00:00","2026/07/05","16:00:00","新鋒船務代理有限公司",""
"歌詩達莎倫娜","COSTA SERENA","114261.00","289.59","8.30","KELE002X  (東02)","2026/07/08","08:00:00","2026/07/08","16:00:00","新鋒船務代理有限公司",""
"地中海榮耀號","MSC BELLISSIMA","171598.00","316.00","8.50","KELW003X  (西03)","2026/07/09","07:00:00","2026/07/09","18:00:00","",""
"地中海榮耀號","MSC BELLISSIMA","171598.00","316.00","8.50","KELW003X  (西03)","2026/07/12","07:00:00","2026/07/12","18:00:00","",""
"歌詩達莎倫娜","COSTA SERENA","114261.00","289.59","8.30","KELE002X  (東02)","2026/07/12","08:00:00","2026/07/12","16:00:00","新鋒船務代理有限公司",""
"歌詩達莎倫娜","COSTA SERENA","114261.00","289.59","8.30","KELE002X  (東02)","2026/07/15","08:00:00","2026/07/15","16:00:00","新鋒船務代理有限公司",""
"地中海榮耀號","MSC BELLISSIMA","171598.00","316.00","8.50","KELW003X  (西03)","2026/07/17","06:00:00","2026/07/17","18:00:00","台正船務代理有限公司",""
"歌詩達莎倫娜","COSTA SERENA","114261.00","289.59","8.30","KELE002X  (東02)","2026/07/18","08:00:00","2026/07/18","16:00:00","新鋒船務代理有限公司",""
"歌詩達莎倫娜","COSTA SERENA","114261.00","289.59","8.30","KELE002X  (東02)","2026/07/21","08:00:00","2026/07/21","16:00:00","新鋒船務代理有限公司",""
"地中海榮耀號","MSC BELLISSIMA","171598.00","316.00","8.50","KELW003X  (西03)","2026/07/22","07:00:00","2026/07/22","14:00:00","",""
"歌詩達莎倫娜","COSTA SERENA","114261.00","289.59","8.30","KELE002X  (東02)","2026/07/26","08:00:00","2026/07/26","16:00:00","新鋒船務代理有限公司",""
"歌詩達莎倫娜","COSTA SERENA","114261.00","289.59","8.30","KELE002X  (東02)","2026/07/29","08:00:00","2026/07/29","18:00:00","新鋒船務代理有限公司",""
"太平世界","PACIFIC WORLD","77441.00","261.30","8.00","KELW003X  (西03)","2026/07/31","06:00:00","2026/07/31","23:00:00","台正船務代理有限公司",""
"歌詩達莎倫娜","COSTA SERENA","114261.00","289.59","8.30","KELE002X  (東02)","2026/08/02","08:00:00","2026/08/02","16:00:00","新鋒船務代理有限公司",""
"歌詩達莎倫娜","COSTA SERENA","114261.00","289.59","8.30","KELE002X  (東02)","2026/08/05","08:00:00","2026/08/05","16:00:00","新鋒船務代理有限公司",""
"歌詩達莎倫娜","COSTA SERENA","114261.00","289.59","8.30","KELE002X  (東02)","2026/08/08","08:00:00","2026/08/08","16:00:00","新鋒船務代理有限公司",""
"歌詩達莎倫娜","COSTA SERENA","114261.00","289.59","8.30","KELE002X  (東02)","2026/08/11","08:00:00","2026/08/11","16:00:00","新鋒船務代理有限公司",""
"歌詩達莎倫娜","COSTA SERENA","114261.00","289.59","8.30","KELE002X  (東02)","2026/08/16","08:00:00","2026/08/16","16:00:00","新鋒船務代理有限公司",""
"歌詩達莎倫娜","COSTA SERENA","114261.00","289.59","8.30","KELE002X  (東02)","2026/08/19","08:00:00","2026/08/19","16:00:00","新鋒船務代理有限公司",""
"歌詩達莎倫娜","COSTA SERENA","114261.00","289.59","8.30","KELE002X  (東02)","2026/08/23","08:00:00","2026/08/23","16:00:00","新鋒船務代理有限公司",""
"歌詩達莎倫娜","COSTA SERENA","114261.00","289.59","8.30","KELE002X  (東02)","2026/08/26","08:00:00","2026/08/26","16:00:00","新鋒船務代理有限公司",""
"歌詩達莎倫娜","COSTA SERENA","114261.00","289.59","8.30","KELE002X  (東02)","2026/08/30","08:00:00","2026/08/30","16:00:00","新鋒船務代理有限公司",""
"歌詩達莎倫娜","COSTA SERENA","114261.00","289.59","8.30","KELE002X  (東02)","2026/09/02","08:00:00","2026/09/02","16:00:00","新鋒船務代理有限公司",""
"鑽石公主","DIAMOND PRINCESS","115906.00","290.00","8.50","KELW003X  (西03)","2026/09/25","07:00:00","2026/09/25","19:00:00","太隆船務代理有限公司",""
"台成-待定","台成-TBA","47800.00","228.00","6.50","KELE002X  (東02)","2026/10/07","08:00:00","2026/10/07","17:00:00","台正船務代理有限公司",""
"維京金星號","Viking Venus","47842.00","228.20","6.50","KELE002X  (東02)","2026/10/08","08:00:00","2026/10/08","17:00:00","台正船務代理有限公司",""
"皇家公主","ROYAL PRINCESS","142714.00","330.00","8.60","KELW003X  (西03)","2026/10/09","07:00:00","2026/10/09","18:00:00","太隆船務代理有限公司",""
"嘉年華光輝","CARNIVAL LUMINOSA","92720.00","294.00","8.30","KELW003X  (西03)","2026/10/16","08:00:00","2026/10/16","23:59:00","太隆船務代理有限公司",""
"台成-待定","台成-TBA","47800.00","228.00","6.50","KELE002X  (東02)","2026/10/27","08:00:00","2026/10/27","17:00:00","台正船務代理有限公司",""
"追尋號","AZAMARA PURSUIT","30277.00","181.00","6.00","KELW003X  (西03)","2026/10/28","08:00:00","2026/10/28","20:00:00","新鋒船務代理有限公司",""
